name,price
Long-sleeved T-shirt,Rs.299.00
Long-sleeved T-shirt,Rs.299.00
Regular Fit T-shirt,Rs.399.00
Long-sleeved T-shirt,Rs.299.00
Regular Fit Oxford shirt,"Rs.1,499.00"
Printed resort shirt,Rs.699.00
Regular Fit T-shirt,Rs.399.00
2-pack long-sleeved T-shirts,Rs.799.00
Regular Fit T-shirt,Rs.399.00
Cotton jersey T-shirt,Rs.299.00
Printed football shirt,Rs.699.00
Printed T-shirt,Rs.299.00
Oversized printed T-shirt,"Rs.1,299.00"
Regular Fit T-shirt,Rs.399.00
Regular Fit T-shirt,Rs.399.00
Long-sleeved T-shirt,Rs.299.00
Printed T-shirt,Rs.299.00
Shirt,"Rs.1,299.00"
Regular Fit T-shirt,Rs.399.00
Fitted T-shirt,Rs.499.00
Oversized T-shirt,Rs.799.00
Regular Fit T-shirt,Rs.399.00
Cotton denim shirt,"Rs.1,299.00"
Regular Fit Oxford shirt,"Rs.1,499.00"
Loose Fit Printed T-shirt,Rs.799.00
Regular Fit Oxford shirt,"Rs.1,499.00"
Coated shirt,"Rs.2,699.00"
Long-sleeved T-shirt,Rs.499.00
Long-sleeved T-shirt,Rs.799.00
Regular Fit T-shirt,Rs.399.00
Loose Fit Printed T-shirt,Rs.799.00
Oversized T-shirt,Rs.999.00
Fitted T-shirt,Rs.399.00
Cotton T-shirt,Rs.299.00
Fitted T-shirt,Rs.399.00
Loose Fit Printed T-shirt,Rs.799.00
